Common Name,Binomial Name,Genus,Species,Sub-Species,Kingdom Name,Nativeness,Book Category,seen wild locally,photo,uncertain,notes
Arboreal Salamander,Aneides lugubris,Aneides,lugubris,,Animals,Local Native,Amphibians,Yes,Untitled 2.png,No,
Santa Cruz Black Salamander,Aneides niger,Aneides,niger,,Animals,Local Native,Amphibians,Yes,Untitled 3.png,No,
Acorn Woodpecker,Melanerpes formicivorus,Melanerpes,formicivorus,,Animals,Local Native,Birds,Yes,Untitled 3 1.png,No,
Allen’s Hummingbird,Selasphorus sasin,Selasphorus,sasin,,Animals,Local Native,Birds,Yes,,No,
American Crow,Corvus brachyrhynchos,Corvus,brachyrhynchos,,Animals,Local Native,Birds,Yes,,No,
American Robin,Turdus migratorius,Turdus,migratorius,,Animals,Local Native,Birds,Yes,,No,
Anna’s Hummingbird,Calypte anna,Calypte,anna,,Animals,Local Native,Birds,Yes,,No,
Ash-throated Flycatcher,Myiarchus cinerascens,Myiarchus,cinerascens,,Animals,Local Native,Birds,Yes,Untitled 4.png; IMG_6847.HEIC,No,
Band-tailed Pigeon,Patagioenas fasciata,Patagioenas,fasciata,,Animals,Local Native,Birds,Yes,,No,
Bewick’s Wren,Thryomanes bewickii,Thryomanes,bewickii,,Animals,Local Native,Birds,Yes,,No,
Black Phoebe,Sayornis nigricans,Sayornis,nigricans,,Animals,Local Native,Birds,Yes,,No,
Black-headed Grosbeak,Pheucticus melanocephalus,Pheucticus,melanocephalus,,Animals,Local Native,Birds,Yes,Untitled.png,No,
Black-throated Gray Warbler,Setophaga nigrescens,Setophaga,nigrescens,,Animals,Local Native,Birds,Yes,,No,
Blue-gray Gnatcatcher,Polioptila caerulea,Polioptila,caerulea,,Animals,Local Native,Birds,Yes,,No,
Brown Creeper,Certhia americana,Certhia,americana,,Animals,Local Native,Birds,Yes,,No,
Bushtit,Psaltriparus minimus,Psaltriparus,minimus,,Animals,Local Native,Birds,Yes,,No,
California Quail,Callipepla californica,Callipepla,californica,,Animals,Local Native,Birds,Yes,,No,
California Scrub-Jay,Aphelocoma californica,Aphelocoma,californica,,Animals,Local Native,Birds,Yes,,No,
California Thrasher,Toxostoma redivivum,Toxostoma,redivivum,,Animals,Local Native,Birds,Yes,,No,
California Towhee,Melozone crissalis,Melozone,crissalis,,Animals,Local Native,Birds,Yes,,No,
Cedar Waxwing,Bombycilla cedrorum,Bombycilla,cedrorum,,Animals,Local Native,Birds,Yes,Untitled 3 2.png,No,
Chestnut-backed Chickadee,Poecile rufescens,Poecile,rufescens,,Animals,Local Native,Birds,Yes,,No,
Common Raven,Corvus corax,Corvus,corax,,Animals,Local Native,Birds,Yes,,No,
Dark-eyed Junco,Junco hyemalis,Junco,hyemalis,,Animals,Local Native,Birds,Yes,,No,
Golden-crowned Sparrow,Zonotrichia atricapilla,Zonotrichia,atricapilla,,Animals,Local Native,Birds,Yes,,No,
Great Horned Owl,Bubo virginianus,Bubo,virginianus,,Animals,Local Native,Birds,Yes,Untitled 3 3.png,No,
Hairy Woodpecker,Leuconotopicus villosus,Leuconotopicus,villosus,,Animals,Local Native,Birds,Yes,,No,
Hermit Thrush,Catharus guttatus,Catharus,guttatus,,Animals,Local Native,Birds,Yes,,No,
House Finch,Haemorhous mexicanus,Haemorhous,mexicanus,,Animals,Local Native,Birds,Yes,Untitled 3 4.png,No,
Lesser Goldfinch,Spinus psaltria,Spinus,psaltria,,Animals,Local Native,Birds,Yes,Untitled 3 5.png,No,
Mourning Dove,Zenaida macroura,Zenaida,macroura,,Animals,Local Native,Birds,Yes,,No,
Northern Flicker,Colaptes auratus,Colaptes,auratus,,Animals,Local Native,Birds,Yes,,No,
Nuttal’s Woodpecker,Dryobates nuttallii,Dryobates,nuttallii,,Animals,Local Native,Birds,Yes,,No,
Oak Titmouse,Baeolophus inornatus,Baeolophus,inornatus,,Animals,Local Native,Birds,Yes,Untitled 3 6.png,No,
Olive-sided Flycatcher,Contopus cooperi,Contopus,cooperi,,Animals,Local Native,Birds,Yes,,No,
Pileated Woodpecker,Dryocopus pileatus,Dryocopus,pileatus,,Animals,Local Native,Birds,Yes,Untitled 3-1.png; Untitled 3 7.png,No,
Pine Siskin,Spinus pinus,Spinus,pinus,,Animals,Local Native,Birds,Yes,,No,
Pygmy Nuthatch,Sitta pygmaea,Sitta,pygmaea,,Animals,Local Native,Birds,Yes,,No,
Red Crossbill,Loxia curvirostra,Loxia,curvirostra,,Animals,Local Native,Birds,Yes,,No,
Red-breasted Nuthatch,Sitta canadensis,Sitta,canadensis,,Animals,Local Native,Birds,Yes,,No,
Red-breasted Sapsucker,Sphyrapicus ruber,Sphyrapicus,ruber,,Animals,Local Native,Birds,Yes,Untitled 3 8.png,No,
Red-shouldered Hawk,Buteo lineatus,Buteo,lineatus,,Animals,Local Native,Birds,Yes,,No,
Red-tailed Hawk,Buteo jamaicensis,Buteo,jamaicensis,,Animals,Local Native,Birds,Yes,,No,
Ruby-crowned Kinglet,Corthylio calendula,Corthylio,calendula,,Animals,Local Native,Birds,Yes,,No,
Spotted Towhee,Pipilo maculatus,Pipilo,maculatus,,Animals,Local Native,Birds,Yes,,No,
Steller’s Jay,Cyanositta stelleri,Cyanositta,stelleri,,Animals,Local Native,Birds,Yes,,No,
Townsend’s Warbler,Setophaga townsendi,Setophaga,townsendi,,Animals,Local Native,Birds,Yes,,No,
Turkey Vulture,Cathartes aura,Cathartes,aura,,Animals,Local Native,Birds,Yes,,No,
Varied Thrush,Ixoreus naevius,Ixoreus,naevius,,Animals,Local Native,Birds,Yes,,No,
Warbling Vireo,Vireo gilvus,Vireo,gilvus,,Animals,Local Native,Birds,Yes,,No,
Western Bluebird,Sialia mexicana,Sialia,mexicana,,Animals,Local Native,Birds,Yes,,No,
Western Flycatcher,Empidonax difficilis,Empidonax,difficilis,,Animals,Local Native,Birds,Yes,,No,
Western Screech-Owl,Megascops kennicottii,Megascops,kennicottii,,Animals,Local Native,Birds,Yes,,No,
Western Tanager,Piranga ludoviciana,Piranga,ludoviciana,,Animals,Local Native,Birds,Yes,,No,
White-breasted Nuthatch,Sitta carolinensis,Sitta,carolinensis,,Animals,Local Native,Birds,Yes,,No,
Wild Turkey,Meleagris gallopavo,Meleagris,gallopavo,,Animals,Local Native,Birds,Yes,Untitled-1.png; Untitled 1.png,No,
Wrentit,Chamaea fasciata,Chamaea,fasciata,,Animals,Local Native,Birds,Yes,Untitled 3 9.png,No,
Yellow-rumped Warbler,Setophaga coronata,Setophaga,coronata,,Animals,Local Native,Birds,Yes,,No,
Bracken Fern,Pteridium aquilinum,Pteridium,aquilinum,,Plants,Local Native,Ferns,Yes,Untitled 3 10.png; IMG_6784.HEIC,Yes,
Braun's Giant Horsetail,Equisetum telmateia ssp. braunii,Equisetum,telmateia,braunii,Plants,Local Native,Ferns,Yes,Untitled 5.png,No,
California Polypody,Polypodium californicum,Polypodium,californicum,,Plants,Local Native,Ferns,Yes,Untitled 6.png,No,
Coastal Wood Fern,Dryopteris arguta,Dryopteris,arguta,,Plants,Local Native,Ferns,Yes,,No,
Giant Chain Fern,Woodwardia fimbriata,Woodwardia,fimbriata,,Plants,Local Native,Ferns,Yes,,No,
Goldback Fern,Pentagramma triangularis,Pentagramma,triangularis,,Plants,Local Native,Ferns,Yes,,No,
Western Sword Fern,Polystichum munitum,Polystichum,munitum,,Plants,Local Native,Ferns,Yes,Untitled 7.png,No,
American Wild Carrot,Daucus pusillus,Daucus,pusillus,,Plants,Local Native,Forbs,Yes,Untitled 3 11.png,No,
American Wintercress,Barbarea orthoceras,Barbarea,orthoceras,,Plants,Local Native,Forbs,Yes,EFEE1CA6-E5F4-492E-9FEC-70EFB7AB7517.JPG,No,
Bigflower Agoseris (California Dandelion),Agoseris grandiflora,Agoseris,grandiflora,,Plants,Local Native,Forbs,Yes,1C36DADA-6265-40B2-9FBC-B2D9BE34C851.JPG,No,
Blue Skullcap,Scutellaria tuberosa,Scutellaria,tuberosa,,Plants,Local Native,Forbs,Yes,C0661F72-2D09-43C2-A321-C117056BDB56_1_201_a-1.jpeg,No,
Bluewitch Nightshade,Solanum umbelliferum,Solanum,umbelliferum,,Plants,Local Native,Forbs,Yes,Untitled 8.png; ADB86920-9542-4536-89D4-FEB4EA258404.JPG,No,
Broad-leaved Sweet Pea,Lathyrus latifolius,Lathyrus,latifolius,,Plants,Invasive,Forbs,Yes,Untitled 2 1.png,No,
Broadleaf Helleborine,Epipactis helleborine,Epipactis,helleborine,,Plants,Invasive,Forbs,Yes,Untitled 9.png,Yes,
Broadleaf Lupine,Lupinus latifolius,Lupinus,latifolius,,Plants,Local Native,Forbs,Yes,Untitled 9 1.png,No,
Bur Parsley,Anthriscus caucalis,Anthriscus,caucalis,,Plants,Invasive,Forbs,Yes,Untitled 3 12.png,No,
California Beeplant,Scrophularia californica,Scrophularia,californica,,Plants,Local Native,Forbs,Yes,Untitled 10.png,No,
California Cudweed,Pseudognaphalium californicum,Pseudognaphalium,californicum,,Plants,Local Native,Forbs,Yes,Untitled 3 13.png,No,
California Gilia,Gilia achilleifolia,Gilia,achilleifolia,,Plants,Local Native,Forbs,Yes,Untitled 11.png,Yes,
California Goldenrod,Solidago velutina ssp. californica,Solidago,velutina,californica,Plants,Local Native,Forbs,Yes,Untitled 12.png,No,
California Harebell,Asyneuma prenanthoides,Asyneuma,prenanthoides,,Plants,Local Native,Forbs,Yes,,Yes,
California Milkwort,Rhinotropis californica,Rhinotropis,californica,,Plants,Local Native,Forbs,Yes,Untitled 13.png,No,
California Mugwort,Artemisia douglasiana,Artemisia,douglasiana,,Plants,Local Native,Forbs,Yes,Untitled 13 1.png,No,
California Mustard,Caulanthus lasiophyllus,Caulanthus,lasiophyllus,,Plants,Local Native,Forbs,Yes,Untitled 14.png,No,
California Phacelia,Phacelia californica,Phacelia,californica,,Plants,Local Native,Forbs,Yes,Untitled 2 2.png,No,
California Poppy,Eschscholzia californica,Eschscholzia,californica,,Plants,Regional Native,Forbs,Yes,FullSizeRender.HEIC,No,
Catchweed Bedstraw,Galium aparine,Galium,aparine,,Plants,Invasive,Forbs,Yes,Untitled 3 14.png,No,
Chaparral Zygadene (Frémont's deathcamas),Toxicoscordion fremontii,Toxicoscordion,fremontii,,Plants,Local Native,Forbs,Yes,DAD91F8B-F7C0-4E9A-8384-2A2E25264611.JPG,No,
Chilean Bird's-foot Trefoil,Acmispon wrangelianus,Acmispon,wrangelianus,,Plants,Regional Native,Forbs,Yes,,Yes,
Coast Paintbrush,Castilleja affinis,Castilleja,affinis,,Plants,Local Native,Forbs,Yes,Untitled 15.png,No,
Cobwebby Thistle,Cirsium occidentale,Cirsium,occidentale,,Plants,Local Native,Forbs,Yes,Untitled 3 15.png,No,
Common Cat's-Ear,Hypochaeris radicata,Hypochaeris,radicata,,Plants,Invasive,Forbs,Yes,Untitled 3 16.png,Yes,
Common Dandelion,Taraxacum officinale,Taraxacum,officinale,,Plants,Invasive,Forbs,Yes,,Yes,
Common Hedge Parsley,Torilis arvensis,Torilis,arvensis,,Plants,Invasive,Forbs,Yes,Untitled 18.png,No,
Common Yarrow,Achillea millefolium,Achillea,millefolium,,Plants,Local Native,Forbs,Yes,Untitled 16.png,No,
Crevice Alumroot,Heuchera micrantha,Heuchera,micrantha,,Plants,Local Native,Forbs,Yes,57CF1ECB-D85C-4361-96A7-BDE64E55E368.JPG,No,
Dove's Foot Geranium,,,,,Plants,Introduced,Forbs,Yes,,Yes,
Dove's-foot Crane's-bill,Geranium molle,Geranium,molle,,Plants,Introduced,Forbs,Yes,2E9ECB5A-4ADF-4C1F-97A4-F58BE439E573.JPG,No,
Durango Root,Datisca glomerata,Datisca,glomerata,,Plants,Local Native,Forbs,Yes,Untitled 17.png,Yes,
Elegant Clarkia,Clarkia unguiculata,Clarkia,unguiculata,,Plants,Local Native,Forbs,Yes,Untitled 19.png,No,
Elk's Clover (California Spikenard),Aralia californica,Aralia,californica,,Plants,Local Native,Forbs,Yes,Untitled 20.png,Yes,
Fernald's Iris,Iris fernaldii,Iris,fernaldii,,Plants,Local Native,Forbs,Yes,C995D3C2-5D50-4DDB-B6C4-7F117021F91A_1_105_c.jpeg,No,
Forest Scurfpea,Rupertia physodes,Rupertia,physodes,,Plants,Local Native,Forbs,Yes,Untitled 3 17.png,No,
Fragrant Everlasting,Pseudognaphalium beneolens,Pseudognaphalium,beneolens,,Plants,Local Native,Forbs,Yes,Untitled 21.png,No,
Fringe Cups,Tellima grandiflora,Tellima,grandiflora,,Plants,Local Native,Forbs,Yes,Untitled 22.png,No,
Fringed Willowherb,Epilobium ciliatum,Epilobium,ciliatum,,Plants,Local Native,Forbs,Yes,Untitled 2 3.png; Untitled 23.png,Yes,
Grassy Tarweed,Madia gracilis,Madia,gracilis,,Plants,Local Native,Forbs,Yes,Untitled 3 18.png,No,
Greater Periwinkle,Vinca major,Vinca,major,,Plants,Invasive,Forbs,Yes,Untitled 16 1.png,No,
Hedge Nettle,Stachys ajugoides,Stachys,ajugoides,,Plants,Local Native,Forbs,Yes,,Yes,
Herb Robert,Geranium robertianum,Geranium,robertianum,,Plants,Invasive,Forbs,Yes,IMG_6782.HEIC,Yes,
Hooker's Fairy Bell,Prosartes hookeri,Prosartes,hookeri,,Plants,Local Native,Forbs,Yes,Untitled 24.png,No,
Horseweed,Erigeron canadensis,Erigeron,canadensis,,Plants,Local Native,Forbs,Yes,Untitled 25.png,No,
Hounds Tongue,Adelinia grande,Adelinia,grande,,Plants,Local Native,Forbs,Yes,Untitled 1 1.png,No,
Ithuriel's Spear,Triteleia laxa,Triteleia,laxa,,Plants,Local Native,Forbs,Yes,Untitled 26.png,No,
Maltese Star-Thistle,Centaurea melitensis,Centaurea,melitensis,,Plants,Invasive,Forbs,Yes,Untitled 3 19.png,No,
Menzies' Baby Blue Eyes,Nemophila pedunculata,Nemophila,pedunculata,,Plants,Local Native,Forbs,Yes,Untitled 15 1.png,No,
Milkmaids,Cardamine californica,Cardamine,californica,,Plants,Local Native,Forbs,Yes,Untitled 17 1.png,No,
Miniature Lupine,Lupinus bicolor,Lupinus,bicolor,,Plants,Local Native,Forbs,Yes,Untitled 27.png; Untitled 7 1.png,No,
Morning Glory (Pacific False Bindweed),Calystegia purpurata,Calystegia,purpurata,,Plants,Local Native,Forbs,Yes,Untitled 28.png; E84C05B2-DC9B-4C4C-ABED-4759A056F765_1_201_a.heic,No,
Naked Buckwheat,Eriogonum nudum,Eriogonum,nudum,,Plants,Local Native,Forbs,Yes,Untitled 2 4.png; Untitled 3 20.png,No,
Pacific Pea,Lathyrus vestitus,Lathyrus,vestitus,,Plants,Local Native,Forbs,Yes,Untitled 3 21.png; 1EBA390C-2C06-4CAD-A2A1-64D5A95368FD_1_201_a.jpeg,No,
Pacific Sanicle,Sanicula crassicaulis,Sanicula,crassicaulis,,Plants,Local Native,Forbs,Yes,Untitled 29.png,No,
Pacific Starflower,Lysimachia latifolia,Lysimachia,latifolia,,Plants,Local Native,Forbs,Yes,IMG_6036.HEIC,No,
Petty Spurge,,,,,Plants,Invasive,Forbs,Yes,untitled 6 1.png,Yes,
Purple Chinese Houses,Collinsia heterophylla,Collinsia,heterophylla,,Plants,Local Native,Forbs,Yes,Untitled 30.png,No,
Red Baneberry,Actaea rubra,Actaea,rubra,,Plants,Local Native,Forbs,Yes,E68F5C86-1095-4F93-B9C4-337D3F046710.JPG,No,
Red Larkspur,Delphinium nudicaule,Delphinium,nudicaule,,Plants,Local Native,Forbs,Yes,Untitled 3 22.png; Untitled 31.png; BEE7EFB0-4A76-4BD3-B764-D919655D7EFA.JPG,No,
Red Stem Spring Beauty,Claytonia rubra,Claytonia,rubra,,Plants,Local Native,Forbs,Yes,Untitled 32.png,No,
Rein Orchid,Piperia elongata,Piperia,elongata,,Plants,Local Native,Forbs,Yes,,No,
Ribwort Plantain,Plantago lanceolata,Plantago,lanceolata,,Plants,Invasive,Forbs,Yes,Untitled 33.png,No,
Rod Wirelettuce,Stephanomeria virgata,Stephanomeria,virgata,,Plants,Local Native,Forbs,Yes,Untitled 2 5.png,No,
Rooreh (Miner's Lettuce),Claytonia perfoliata,Claytonia,perfoliata,,Plants,Local Native,Forbs,Yes,,No,
Rose Clover,Trifolium hirtum,Trifolium,hirtum,,Plants,Invasive,Forbs,Yes,Untitled 3 23.png; Untitled 34.png,No,
Rough Hedge Nettle,Stachys rigida,Stachys,rigida,,Plants,Local Native,Forbs,Yes,Untitled 12 1.png,Yes,
Roughleaf Aster,Eurybia radulina,Eurybia,radulina,,Plants,Local Native,Forbs,Yes,34EC6805-34ED-4ADE-A6F2-758690BB68B0_1_201_a.jpeg,No,
Ruby Chalice Clarkia,Clarkia rubicunda,Clarkia,rubicunda,,Plants,Local Native,Forbs,Yes,Untitled 35.png,No,
Rush Broom,Acmispon junceus,Acmispon,junceus,,Plants,Local Native,Forbs,Yes,IMG_6718.HEIC,No,
Salad Burnett,Sanguisorba minor,Sanguisorba,minor,,Plants,Introduced,Forbs,Yes,Untitled 3 24.png,No,
Scarlet Pimpernel,Lysimachia arvensis,Lysimachia,arvensis,,Plants,Invasive,Forbs,Yes,Untitled 3 25.png,No,
Seep Monkeyflower,Erythranthe guttata,Erythranthe,guttata,,Plants,Local Native,Forbs,Yes,Untitled 3 26.png,No,
Short-flower Deervetch,Acmispon parviflorus,Acmispon,parviflorus,,Plants,Local Native,Forbs,Yes,Untitled 3 27.png,No,
Sky Lupine,Lupinus nanus,Lupinus,nanus,,Plants,Local Native,Forbs,Yes,Untitled 3 28.png,No,
Slender Wooly-Marbles,Psilocarphus tenellus,Psilocarphus,tenellus,,Plants,Local Native,Forbs,Yes,Untitled 3 29.png,No,
Smallflower Lotus,Acmispon parviflorus,Acmispon,parviflorus,,Plants,Local Native,Forbs,Yes,C3185186-B738-4205-B13A-99D9D666EFB1.jpg,No,
Smallflower Nemophilia,Nemophila parviflora,Nemophila,parviflora,,Plants,Local Native,Forbs,Yes,Untitled 2 6.png,No,
Soloman's Plume,Maianthemum racemosum,Maianthemum,racemosum,,Plants,Local Native,Forbs,Yes,IMG_6679.HEIC,No,
Spotted Coralroot,Corallorhiza maculata,Corallorhiza,maculata,,Plants,Local Native,Forbs,Yes,Untitled 36.png,No,
Springbank Clover,Trifolium wormskioldii,Trifolium,wormskioldii,,Plants,Local Native,Forbs,Yes,Untitled 3 30.png,Yes,
Sweet Cicely,Osmorhiza berteroi,Osmorhiza,berteroi,,Plants,Local Native,Forbs,Yes,Untitled 3 31.png,No,
Texas Paintbrush,Castilleja foliolosa,Castilleja,foliolosa,,Plants,Local Native,Forbs,Yes,Untitled 37.png,No,
Thimbleberry,Rubus parviflorus,Rubus,parviflorus,,Plants,Local Native,Forbs,Yes,Untitled 38.png,No,
Tomcat Clover,Trifolium willdenovii,Trifolium,willdenovii,,Plants,Local Native,Forbs,Yes,Untitled 3 32.png,Yes,
Trail Plant,Adenocaulon bicolor,Adenocaulon,bicolor,,Plants,Local Native,Forbs,Yes,A8408881-17DE-4F1F-B28A-2BE4E12E48B3.JPG,No,
Wavy-leaf Soap Plant,Chlorogalum pomeridianum,Chlorogalum,pomeridianum,,Plants,Local Native,Forbs,Yes,Untitled 2 7.png; Untitled 39.png,No,
Western Columbine,Aquilegia formosa,Aquilegia,formosa,,Plants,Local Native,Forbs,Yes,Untitled 40.png,Yes,
Western Heart's Ease,Viola ocellata,Viola,ocellata,,Plants,Local Native,Forbs,Yes,BAA9BBE3-4EC8-46F9-B043-5AAB954C2BC1-1.JPG,No,
Western Vervain,Verbena lasiostachys,Verbena,lasiostachys,,Plants,Local Native,Forbs,Yes,Untitled 3 33.png,No,
White Globe Lily,Calochortus albus,Calochortus,albus,,Plants,Local Native,Forbs,Yes,Untitled 3 34.png,No,
White Hawkweed,Hieracium albiflorum,Hieracium,albiflorum,,Plants,Local Native,Forbs,Yes,323232E9-DBCD-49D4-9B6C-C829D22499F6.JPG,No,
Wild Cucumber (California Manroot),Marah fabacea,Marah,fabacea,,Plants,Local Native,Forbs,Yes,Untitled 14 1.png,No,
Wiry Snapdragon,Sairocarpus vexillocalyculatus,Sairocarpus,vexillocalyculatus,,Plants,Local Native,Forbs,Yes,Untitled 2 8.png; Untitled 41.png,No,
Woodland Madia,Anisocarpus madioides,Anisocarpus,madioides,,Plants,Local Native,Forbs,Yes,,Yes,maybe confused with Common Madia
Woodland Strawberry,Fragaria vesca,Fragaria,vesca,,Plants,Local Native,Forbs,Yes,IMG_6102.HEIC,No,
Woodland Woollythreads,Monolopia gracilens,Monolopia,gracilens,,Plants,Local Native,Forbs,Yes,Untitled 42.png,No,
Yellow Clustered Broomrape,Aphyllon franciscanum,Aphyllon,franciscanum,,Plants,Local Native,Forbs,Yes,Untitled 43.png,No,
Yerba Buena,Clinopodium douglasii,Clinopodium,douglasii,,Plants,Local Native,Forbs,Yes,Untitled 44.png,No,
Zigzag Larkspur,Delphinium patens,Delphinium,patens,,Plants,Local Native,Forbs,Yes,17330E19-52FE-4749-900E-DE2F6376E856-1.JPG,No,
California Golden Chanterelle,Cantharellus californicus,Cantharellus,californicus,,Fungus,Local Native,Fungi,Yes,Untitled 45.png,No,
Coral Tooth Fungus,Hericium coralloides,Hericium,coralloides,,Fungus,Local Native,Fungi,Yes,Untitled 46.png,No,
Questionable Stropharia,Stropharia ambigua,Stropharia,ambigua,,Fungus,Local Native,Fungi,Yes,Untitled 3 35.png,No,
Turkey-Tail,Trametes versicolor,Trametes,versicolor,,Fungus,Local Native,Fungi,Yes,Untitled 47.png,No,
Western Black Elfin Saddle,Helvella vespertina,Helvella,vespertina,,Fungus,Local Native,Fungi,Yes,Untitled 48.png,Yes,
Blue Wildrye,Elymus glaucus,Elymus,glaucus,,Plants,Local Native,Grasses,Yes,,No,
California Fescue,Festuca californica,Festuca,californica,,Plants,Local Native,Grasses,Yes,2BC9BFEC-45B7-4881-A3CD-C175AED013EF.JPG,Yes,
California Melic,Melica californica,Melica,californica,,Plants,Local Native,Grasses,Yes,Untitled 49.png,Yes,
Compact Brome,Bromus madritensis,Bromus,madritensis,,Plants,Invasive,Grasses,Yes,B67EA2BF-A231-4DD0-9677-7351D78A55AA.JPG,No,
Foothill Needle Grass,Nassella lepida,Nassella,lepida,,Plants,Local Native,Grasses,Yes,Untitled 50.png,No,
Greater Quaking Grass,Briza maxima,Briza,maxima,,Plants,Invasive,Grasses,Yes,Untitled 3 36.png,No,
Red Brome,Bromus rubens,Bromus,rubens,,Plants,Invasive,Grasses,Yes,Untitled 3 37.png,No,
Spreading Rush,Juncus patens,Juncus,patens,,Plants,Local Native,Grasses,Yes,Untitled 3 38.png,No,
Toad Rush,Juncus bufonius,Juncus,bufonius,,Plants,Local Native,Grasses,Yes,Untitled 51.png,No,
Torrey's Melicgrass,Melica torreyana,Melica,torreyana,,Plants,Local Native,Grasses,Yes,Untitled 52.png,Yes,
Wall Barley,Hordeum murinum,Hordeum,murinum,,Plants,Introduced,Grasses,Yes,2303867F-D880-4161-94C0-EDBAA815E64E_1_105_c.jpeg,No,
Acmon Blue,Icaricia acmon,Icaricia,acmon,,Animals,Local Native,Insects,Yes,Untitled 2 9.png,No,
American Yellowjacket,Vespula alascensis,Vespula,alascensis,,Animals,Local Native,Insects,Yes,Untitled 3 39.png,No,
California Anglewing,Microcentrum californicum,Microcentrum,californicum,,Animals,Local Native,Insects,Yes,Untitled 53.png,No,
California Root Borer,Prionus californicus,Prionus,californicus,,Animals,Local Native,Insects,Yes,Untitled 54.png; Untitled-1 1.png,No,
California Sister,Adelpha californica,Adelpha,californica,,Animals,Local Native,Insects,Yes,6CEE5D2C-7FA1-4080-8DA7-32D061C5F505.JPG,No,
California Tortoiseshell,Nymphalis californica,Nymphalis,californica,,Animals,Local Native,Insects,Yes,Untitled 55.png,No,
Douglas Fir Pitch Moth,Synanthedon novaroensis,Synanthedon,novaroensis,,Animals,Local Native,Insects,Yes,Untitled 56.png,No,
Edwards' Glassy-wing Moth,Pseudohemihyalea edwardsii,Pseudohemihyalea,edwardsii,,Animals,Local Native,Insects,Yes,Untitled 57.png,No,
Goldenrod Crab Spider,Misumena vatia,Misumena,vatia,,Animals,Local Native,Insects,Yes,Untitled 58.png,Yes,
Northern Checkerspot,Chlosyne palla,Chlosyne,palla,,Animals,Local Native,Insects,Yes,Untitled 59.png; Untitled-1 2.png,No,
Ornate Checkered Beetle,Trichodes ornatus,Trichodes,ornatus,,Animals,Local Native,Insects,Yes,Untitled 3 40.png,No,
Pacific Spiketail,Zoraena dorsalis,Zoraena,dorsalis,,Animals,Local Native,Insects,Yes,Untitled 60.png,No,
Pictured Jerusalem Cricket,Ammopelmatus pictus,Ammopelmatus,pictus,,Animals,Local Native,Insects,Yes,Untitled 61.png,Yes,uncertain about name
Propertius duskywing,Erynnis propertius,Erynnis,propertius,,Animals,Local Native,Insects,Yes,IMG_6653.PNG,No,
Ten-lined June Beetle,Polyphylla decemlineata,Polyphylla,decemlineata,,Animals,Local Native,Insects,Yes,Untitled 3 41.png; Untitled 62.png,No,
Variable Checkerspot,Euphydryas chalcedona,Euphydryas,chalcedona,,Animals,Local Native,Insects,Yes,IMG_6184.HEIC; Untitled 63.png; Untitled 7 2.png,No,
White-lined Sphinx,Hyles lineata,Hyles,lineata,,Animals,Local Native,Insects,Yes,IMG_6050.PNG,No,
Yellow Douglas-fir Borer,Centrodera spurca,Centrodera,spurca,,Animals,Local Native,Insects,Yes,Untitled 3 42.png,No,
Bobcat,Lynx rufus,Lynx,rufus,,Animals,Local Native,Mammals,Yes,Untitled 3 43.png,No,
California Mouse,,,,,Animals,Local Native,Mammals,Yes,Untitled 64.png,Yes,
Gray Fox,Urocyon cinereoargenteus,Urocyon,cinereoargenteus,,Animals,Local Native,Mammals,Yes,Untitled 3 44.png,No,
Western Gray Squirrel,Sciurus griseus,Sciurus,griseus,,Animals,Local Native,Mammals,Yes,Untitled 65.png,No,
California Banana Slug,Ariolimax californicus,Ariolimax,californicus,,Animals,Local Native,Miscellaneous Animals,Yes,Untitled 3 45.png; Untitled 3-1 1.png,Yes,
Western Forest Scorpion,Uroctonus mordax,Uroctonus,mordax,,Animals,Local Native,Miscellaneous Animals,Yes,Untitled 3 46.png,No,
American Century Plant,Agave americana,Agave,americana,,Plants,Introduced,Miscellaneous Plants,Yes,Untitled 66.png,No,
Giant Moss,Dendroalsia abietina,Dendroalsia,abietina,,Plants,Local Native,Miscellaneous Plants,Yes,Untitled-1 3.png; Untitled 67.png,No,
Selwyn's Smoothcap,Atrichum selwynii,Atrichum,selwynii,,Plants,Local Native,Miscellaneous Plants,Yes,Untitled 3 47.png,No,
Red Hot Poker,Kniphofia uvaria,Kniphofia,uvaria,,Plants,Introduced,Non-native Landscapees,No,F2E1C691-ECB9-422B-9907-AB4F14FF9E56.JPG,No,
Torch Cactus,Trichocereus spachianus,Trichocereus,spachianus,,Animals,Introduced,Non-native Landscapees,No,Untitled 68.png,No,
Forest Sharp-tailed Snake,Contia longicauda,Contia,longicauda,,Animals,Local Native,Reptiles,Yes,Untitled 69.png,Yes,
Garter Snake,,,,,Plants,Local Native,Reptiles,Yes,,No,
Gopher Snake,Pituophis catenifer,Pituophis,catenifer,,Animals,Local Native,Reptiles,Yes,IMG_6020.HEIC,No,
Ring-necked Snake,Diadophis punctatus,Diadophis,punctatus,,Animals,Local Native,Reptiles,Yes,F5A28A0D-2887-4598-9DB3-3E45F4B1C6B4.JPG,No,
Southern Aligator Lizard,Elgaria multicarinata,Elgaria,multicarinata,,Animals,Local Native,Reptiles,Yes,Untitled 70.png,No,
Striped Racer,,,,,Animals,Local Native,Reptiles,Yes,,No,
Western Fence Lizard,Sceloporus occidentalis,Sceloporus,occidentalis,,Animals,Local Native,Reptiles,Yes,Untitled 3 48.png; Untitled 71.png; Untitled-1 4.png,No,
Western Rattlesnake,Crotalus oreganus,Crotalus,oreganus,,Animals,Local Native,Reptiles,Yes,Untitled 3 49.png; Untitled 72.png,No,
Bigpod Ceanothus,Ceanothus megacarpus,Ceanothus,megacarpus,,Plants,Local Native,Shrubs,Yes,Untitled 73.png,No,
Brittleleaf Manzanita,Arctostaphylos crustacea,Arctostaphylos,crustacea,,Plants,Local Native,Shrubs,Yes,Untitled 2 10.png,No,
Buck Brush,Ceanothus cuneatus,Ceanothus,cuneatus,,Plants,Local Native,Shrubs,Yes,Untitled 19 1.png,No,
Bush Poppy,Dendromecon rigida,Dendromecon,rigida,,Plants,Local Native,Shrubs,Yes,Untitled 74.png,No,
California Blackberry,Rubus ursinus,Rubus,ursinus,,Plants,Local Native,Shrubs,Yes,,No,
California Pitcher Sage,Lepechinia calycina,Lepechinia,calycina,,Plants,Local Native,Shrubs,Yes,Untitled 3 50.png,No,
California Sagebrush,Artemisia californica,Artemisia,californica,,Plants,Local Native,Shrubs,Yes,Untitled 3 51.png,No,
Chamise,Adenostoma fasciculatum,Adenostoma,fasciculatum,,Plants,Local Native,Shrubs,Yes,Untitled-1 5.png; Untitled 75.png,No,
Chaparral Currant,Ribes malvaceum,Ribes,malvaceum,,Plants,Local Native,Shrubs,No,,Yes,
Chaparral Pea,Pickeringia montana,Pickeringia,montana,,Plants,Local Native,Shrubs,Yes,Untitled 76.png,No,
Coffeeberry,Frangula californica,Frangula,californica,,Plants,Local Native,Shrubs,Yes,Untitled 3 52.png,No,
Coyote Brush,Baccharis pilularis,Baccharis,pilularis,,Plants,Local Native,Shrubs,Yes,,No,
Coyote Mint,Monardella villosa,Monardella,villosa,,Plants,Local Native,Shrubs,Yes,Untitled 3 53.png,No,
Creeping Snowberry,Symphoricarpos mollis,Symphoricarpos,mollis,,Plants,Local Native,Shrubs,Yes,928BD360-48CB-42AF-9BD4-E926E4DFD3E4.JPG; Untitled 8 1.png,No,
Deer Brush,Ceanothus integerrimus,Ceanothus,integerrimus,,Plants,Local Native,Shrubs,Yes,,Yes,
Deerweed,Acmispon glaber,Acmispon,glaber,,Plants,Local Native,Shrubs,Yes,Untitled 3 54.png,No,
French Broom,Genista monspessulana,Genista,monspessulana,,Plants,Invasive,Shrubs,Yes,,No,
Golden Yarrow,Eriophyllum confertiflorum,Eriophyllum,confertiflorum,,Plants,Local Native,Shrubs,Yes,Untitled 77.png,No,
Goldenbush,Ericameria arborescens,Ericameria,arborescens,,Plants,Regional Native,Shrubs,No,,Yes,
Hollyleaf Cherry,Prunus ilicifolia,Prunus,ilicifolia,,Plants,Local Native,Shrubs,Yes,Untitled 3 55.png,No,
Ocean Spray,Holodiscus discolor,Holodiscus,discolor,,Plants,Local Native,Shrubs,Yes,Untitled 78.png,No,
Pink Honeysuckle,Lonicera hispidula,Lonicera,hispidula,,Plants,Local Native,Shrubs,Yes,60865DC8-DA67-48F4-81DC-94CA52A98FAB_1_201_a.jpeg,No,
Poison Oak,Toxicodendron diversilobum,Toxicodendron,diversilobum,,Plants,Local Native,Shrubs,Yes,B1DB5FDF-39AC-4A81-B196-5C776150261A.JPG,No,
Red Flowering Currant,Ribes sanguineum,Ribes,sanguineum,,Plants,Local Native,Shrubs,Yes,,Yes,
Sticky Monkeyflower,Diplacus aurantiacus,Diplacus,aurantiacus,,Plants,Local Native,Shrubs,Yes,B616EB28-3C3B-467F-A72D-F9E829770600_1_201_a.jpeg,No,
Tree-Anemone,Carpenteria californica,Carpenteria,californica,,Plants,Regional Native,Shrubs,No,Untitled 3 56.png,No,
Wartleaf Ceanothus,Ceanothus papillosus,Ceanothus,papillosus,,Plants,Local Native,Shrubs,Yes,Untitled 79.png,No,
Wood Rose,Rosa gymnocarpa,Rosa,gymnocarpa,,Plants,Local Native,Shrubs,Yes,IMG_6779.HEIC,No,
Woolly Leaf Manzanita,Arctostaphylos crustacea,Arctostaphylos,crustacea,,Plants,Local Native,Shrubs,Yes,Untitled 20 1.png,No,
Yerba Santa,Eriodictyon californicum,Eriodictyon,californicum,,Plants,Local Native,Shrubs,Yes,Untitled 80.png,No,
Bigleaf Maple,Acer macrophyllum,Acer,macrophyllum,,Plants,Local Native,Trees,Yes,,No,
Blue Elder,Sambucus cerulea,Sambucus,cerulea,,Plants,Local Native,Trees,Yes,Untitled 3 57.png; Untitled 81.png,No,
California Bay Laurel,Umbellularia californica,Umbellularia,californica,,Plants,Local Native,Trees,Yes,,No,
California Black Oak,Quercus kelloggii,Quercus,kelloggii,,Plants,Local Native,Trees,Yes,Untitled 82.png,No,
California Buckeye,Aesculus californica,Aesculus,californica,,Plants,Local Native,Trees,Yes,Untitled 83.png,No,
California Flannelbush,Fremontodendron californicum,Fremontodendron,californicum,,Plants,Regional Native,Trees,No,IMG_6213.HEIC,No,
Canyon Live Oak,Quercus chrysolepis,Quercus,chrysolepis,,Plants,Local Native,Trees,Yes,,No,
Coast Redwood,Sequoia sempervirens,Sequoia,sempervirens,,Plants,Local Native,Trees,Yes,,No,
Coulter Pine,Pinus coulteri,Pinus,coulteri,,Plants,Local Native,Trees,Yes,,Yes,
Deodar Cedar,Cedrus deodara,Cedrus,deodara,,Plants,Introduced,Trees,Yes,Untitled 84.png,No,
Douglas-fir,Pseudotsuga menziesii,Pseudotsuga,menziesii,,Plants,Local Native,Trees,Yes,,No,
Milkflower Cotoneaster,Cotoneaster coriaceus,Cotoneaster,coriaceus,,Plants,Introduced,Trees,No,CF4E56BF-7852-44E5-B28B-34E8804166D9.JPG,No,
Monterey Pine,Pinus radiata,Pinus,radiata,,Plants,Regional Native,Trees,Yes,Untitled 3 58.png,Yes,
Pacific Madrone,Arbutus menziesii,Arbutus,menziesii,,Plants,Local Native,Trees,Yes,Untitled 85.png,No,
Tan Oak,Notholithocarpus densiflorus,Notholithocarpus,densiflorus,,Plants,Local Native,Trees,Yes,,No,
Toyon,Heteromeles arbutifolia,Heteromeles,arbutifolia,,Plants,Local Native,Trees,Yes,,No,
